d81dee166b834944f3969624590d0485a897a907,95f43ec9f9f9c20ab9f4187c36bc93ddc76b8443
5c0b3c5e229d900435b3b9df3ed36f9d64a9028b,af055573f9a339ffe17d19db8630a822cbacffd7
2bf8b59b2afd1c2b1a5fa332f76b2f93a2642742,d4d2fd0d0325dcd646acf864acd1a1c86f89efe7
1d9940aaf1af6454045d5e25aadb6733b13991bd,1bdc1da67f89cc4583cc9ac4adc88b278f73f01b
8d6b65116da56c0dd00c7878bfcfb4a6a18fa057,d4af6353c53d8fa52e8822e3945738bbe78655d6
a953a0869998dd83bf1970d390244d9141a6be6e,8f52daf560b50140ccb9baa75b56a8ba69b620cb
ac31cd6aacc423ec77aa8dd316248ed5e791a2af,3f003cbd345ea9ae6c52949c37898296b3b02b98
8008efd8d2261abba54eaf42930f7cbc6f5a7aa8,b1c908165f60582c790c3aeee613beea0f373610
bc7028c295a4b4a3daddf7d09e4d0c157f934a7c,fdb7460575a0a7ced60542fcea962fdaa8b73df4
6b48882833c7a01a3d47d881a74f486465d0914f,6e41d58f2107bf7cc680d59053dfe59ec48e64e8
24f9f83d1b1c63675ddddd58ec02abcc52cd5e45,6be385319d990c5423619cb40364c063629e639c
e72cbc2cba1f106b91574dd0a1cb27620a6bc475,7a4f258acd7776d6369385d433e70181a16edf35
5c8c2c57ea16e54cf09b297b1f44df3e1901626a,005c3e025c34f242784e8af4fbdad352e43022ce
79fda4fb8541b9b88da1c69b3bb0c1e94e2c5ac8,132debb77e21b8411f02c56b64575d66d780e9ea
804babaaaa20662ba0e533680063bea2811307f1,cc85b916213ae91bf2a49e263212fc4721a8aa4a
34b8f5fb8f4b77916aa22094b5a88c71c8e97637,3b337058e828509ec0a0e3943bcca1b0e2d74591
a6ea7a42eaffecb5fc476e00c88179d9f7dacd20,89dcf87a4545771d175003f8b4f19286e650073a
e5989dce1e5a162e2f912de68964d00f649f139f,8b5c6fc55a8f2cedbddb1ae8633d7952e76000f5
fc275a662bfd9ccb53ab0729a31c8987b34c3f0c,94841e33623a3819daa70089ab24609f7cf0881b
c756bbff375a5940c90f3a568667a19d24e3ea51,8be6992e6b4c808c15565672289ad9a6fac88ba1
ae2c1abee258d219f8b90284cd2efd8191bd99e5,362c651dac2b42c82afd550da3d33c1ac2f159f3
849ed8b18ac5bc66a261266e601eb9f522ad1a5e,67e601f14ee3a1070a297a4998a3860879e9923a
1603a8110db14c679345a233cfce426a9be678e0,ca772a7a773415584485b0cf91ddeb1eae89ea3b
0edcc616613eb95f35d5ff27abe5d76591de23b1,a44110aff5930c55ee5a3885b1cfb83dbad04f78
15b119157f1f279980de0e708600ebf85c5323b5,be2d17974da3b792789a13d08391948a299bb3f4
d5cc655471febc74203ab3a6a93c023e5f95fd90,9b1cbecaaa2f015fda0d3d15149e6b3f9f905ec1
f11a5849ff1ae4dc65cb206c0cac8ce30680c9b0,dda0d06fd2c056a47d6bab05045931706daf63c6
865fea84e9845c196219d1ce4fe2c7ffcdb977e8,7cf150b1e9f7b1609c7329fe340d1ad310606158
a6cf3dcd78a3be9b48192e83703da347cb8566ae,c2b655558864e80cb0445f0a83668c52b6670626
03652743da303fafecb3d3506b7fc4e77219819b,57ff49f9abc886a1cda9b0e1057558ce3d164eaf
566eb5d0d8ccbe89da2ae7c16ff9c938149e9a69,14f06e5e0d8e745753eb27e61705a41be4057604
2640710991f4d55093769383031aafc4453180ee,d9c7aff1fb903dbc0e52ea33e6a34a7fda0f31cd
5f2a76db3ca953977e02f3cf6672e6fe043085c9,a9c1aa0317bd03a3ba656afd2104d201320fac82
16cd7150416970c5c40c9ce172c5a2211d5aa5f0,c189fa44e67a4a0223af2ae2af84f3601c938c13
18d605664588d984a2a008dcbd0ced49c5c9fd7d,04599c148e7059f53f2bfe3852d9164208edfe03
2f3b8aa7e1069ce73599c40d582cca25cb971105,4e5ea04f6efaa419bca83f3e02b4633ffc28afb6
6b82aebba5fd4cad42b778ce518ea0bfa0aba912,e126a534df0ea1d31d724279ec0f4caf9abe4221
1f180e4074355e9b851a22e15617251aeb1ad8ed,1eecf670ec3eeb898d2b55aae1cb521bb419f5da
de40ae8e1c1a85808561afae04f7cffa5ae16ae1,e5448ddc859fe9e7b77c63e995939dbf0f7967a2
fed1effe20c803fa277340e44b5df25c529887f5,c504619045dcd4c4407ed0e4898df78f5e6ed1c5
6ceef0f93e4e7248819a79b552bb14f6ba11f883,9b93239142d62c4c410edee5c18392831b2a4e71
a016e434a2ff29f1c74a24eb1361a651d22f47ed,73947e8fa5ca0b669fdfc94a04d97ad7776a98c1
696802b3af55ac613edc6dbf809dad2e7232c129,45dee6039ace36e90be9f0d044a370fb68e16e0b
ee67cbf96b827c5ecb2e42c7c2b4450785b716ba,1fda29ffccfad5110cb8832c428d42eeecd3182c
7b85b75a1429b1b6455183380b377cbde17996cd,cd43d75fb2fc3676e371b3bbd99a3bcd3db5807b
0ca45ea272c990bbb7dfd60ba64b9f8d1e7b5cbd,67ae5854893237d3d4a6ab982f9bdc198638e5d8
51526c6521c74f3371120ef7b84b1a75325dd849,e0bfb8597f1f7bf15bdada07c8073fd00a0a46bf
17c1c521bb6743bcb1bc28942db315a614d4866d,61db889e30a63ba797c12d74526ab32ac4fd50dc
211e80c9056982cea649a812810457423ffeaf48,bc20f193f2d62bb49a4ed07018bb0fdea5e1e045
b1b2f7971d904cce7047e7b679f9faf658383e85,fdb02a19431288fcc2fbf91e37e25e94df518c0e
50bc72e66f8570a8ec7fa703fca53b6fad3907b1,5b1a11a995cd1d6defad4578fd1b099e3983dae6
3be2afde16b316203f8087e48dde0b0aea293a27,db5951256d52aa7ea943046a09c1041b4b84804f
51868f83810336b48e0f266757e97c23acc69eb1,6a7d98148aecc5fe5f1649abfedcd67c07229d63
7060e67bc2dd87388b739be786c20684a7423bb6,0132c7fbbb43088542d3345ea32e594b51c9e6f8
0dcae099454221152abd91fd98e03f432187c9c0,4e480bfd69cbfb418ab823d64bfee831ff1922d5
47adea372613d086c54631344af4944b4ddcf232,6df16d0303781d941760439a8155184955ead526
06b73191e709b5e77c173b1480d031f1630fce79,188ebecee81908a99cd52d76f7642cf7e37e395e
cf973a6a5674a68a3d78ea15879ebc3ae29201f5,4d4f4317472a36095e014c1e2fda33e1360544fe
4a127b7369797c385b9bc52f2cce7ca0ccd98429,e8ce1f7cd31b13b8eb5dc8284b718ceebdf334e5
ddc4552909bc251fcb1d91e8f501dfbd48586cea,cf1425cb7491b865e2abb82edcf666f5399d75f0
b76d42f5c6d1c1166fac72bc27fbaccc518e0075,1913495cda8409685ca7ff47ae8dff3f303bc571
7f9e87e49690f94b3b2e9982d233c37785ea2137,97ec191a346ac7b20ebe275b2fd903b6755f1849
c671cbe324c48bd4fdfaff3b3716873adbc1de24,37e4c8d2b7755197dbb851aa8b8b1dfa54a94605
afd85f4e4fd0c404ad53fc206348c3a92ebd9165,2008b083dbb82940180b6819754d6d55f2cc9fff
3a7b2da5a2483c77ad39e1b8c415e8207adf18f7,429dec7f0d616fb094357110921ad2dc49eb61eb
54361bd9e098d287c85e76253b4fcbaa2468a68a,bc12bbb33975a72f5a4e04687ca2644a970a1477
8f3c0f681be55d3f2470965d98d54ae055a6ee2a,25dcbbbb670786ae6ba0670ca8d6eece371ae0b8
eaa8bb0518ae8afb374b991f234fcb7442066252,d5447d4ed631c99b3e4b4e1403e7608901934693
b2398db95470f25543dc4bd52d92e03449550d73,0dcfbf730756f9fbcbc3074806525ec5d33c7637
df86a0892ae11dd9f7f8a6e1c09cafebf3f38121,157425ab8ca85d65cba813c0e6f9f5305e7b4263
55a5ba87b608fdd0d9c94feb16f258d77ace9929,d3877859ac9302a732384754da8d80257e2920f1
a8d99c24d6713ef8108893677b2f2313a4f5cef1,5b6259586792e7f053adc20bd72824b3bd97ccb2
9b3f773bfe7faa990dde07a9cc26e8f3f408a5a9,cb4ac6ddf577d3156e03287245e3807fe86f88ca
be8c2e5304631a5817cf3641beedc7cd77823e39,a9755a3bbb41c855d92d49001b1def367805e115
2a67ae84400b755d17dfebd83cc43265497726e8,bfddedb8063ed7843c277b43e1aeea43ccbbbe48
5c948926aa6bfad7da12fe407bd20f5c4544df94,e7f7f10838dc6a13a2357382aa980e3fba9fb7ba
b93d1cd8cae8d5a326b42df7b4076adda78f2e71,70a13ea1db000700198ff7aab52aad8d9f59eb92
c0b12c556c20edfd34ac4469bb5039dabd5f058e,b6a1896416cf0c467df1cb4e9f0f9442683b0245
fb3ba8d919308319a387997b235a7d429e38c9fe,6db2ace2f8b87c1e3be4a44fa36fbcc44d262d2b
011c3a9509c838370cbd9e7d39f5da775ad045da,26bb50a071573429406a5a46efb3a005daa8a4a1
f8b96744ffaa1491031c02dfd20bb15c71f49596,0fead211260f91663b7317de74e1c58d1ffa2ce3
2d8fed633833eb419cbdec41fbe36bdc96a90e50,e3d94856007ca0bc13aa5beb9f8d23d21425a10a
842d637369707a4c85cca6d3706566278de37afd,ef6d641692414e340d45c3dce15da685c1a1020f
633e6857c1b1f9aab60dd154d62333d86ae4374a,6179010e2a54b374ad86968458851d3635e5e268
f2c70098921d50037f0afca4d4ca47d1d32fb8a5,636da0ded0418247fbfd79a2a737ea4ff2908817
0076ec43192aa3d66b86766a407df834a289a23e,dffb095e5f99c2d0ee50f23889c10cd64a4e2a85
f6b384fbff02a2a2afe1f9a632597cb7cda7469e,9ca58d969b47e3848f56877eb809adc5252f86ee
74a20ace72a809c0a315e66ded02f3319a85d4cd,87c077a99cc95999ae0e4bf3a3a2013ec169d8f8
656b6c2f80dd8cd1d309511dd3ec9df8e251084c,6faca8df6a6696a4f95d5c141ef075508e3ec9e0
dc825e184f17f602b5a09d9874eae8b93a4850b0,f482d87c1d06f8813b3a32130547881c5ed02014
14be4e667e6879c0d8ac465aff8324a61826f35c,28139c53e7684d0bbdab9fb3dc943d2597a846c7
f5087dcdd07c55bad81abb6d7b5c4710ddac9ea1,68164b41984ce90582ef49453eac34a98bba5fc2
c6eda007d9d53199692b35095e615613b14cd2b5,71e545d031e2659d4fe6372e6ff166de244ee6da
49b118df0da9447f717011c393390820891b136d,4700bb74432b27f635770b6ad3e12253c82a7139
83026446716b18b0f8cb185d177ae971473deff8,3102c5ef6a9a4349ecf7bbf8c97e567fc8a9eb4f
cb780f2a5072e0c430ec1c84f1414e481e97a21b,882e7a5023a110a5bb7d925a7a6b7d92611a24ba
27dea08dc64a1d86f667ab841ed26f66d6f42905,dee584e70d9c2bdf6fcfad6c1ac2bf077c3c753a
f6949fcddecfa1312c0b0c41be16925ee979ffb1,a47d76b06f76fe34daf447fd0cf60a23265a3906
94a34b5d62672ebb5b813428ab0f531660c96892,0b303a29050d0c79325c550af6fc8ca29202da09
8e8e0cb4792e26a29f48a945425fe5c8e28e85fe,0939aac7883a7b0f6cac5ac483a7f77a1b6bdf95
466456257f261bd30e3af1a40a3da75b9ac4446f,faebe93411a28be79efc30df5e6c23d37712a669
051bfe8998e108ba4ac25ef74ea5bd30e2824ea7,9f7d287b3e6dedc67920bfa7f736fb82512109b4
5dd401d5bb8cef185f3027b55ca2ec8c378121e8,a5513fd98a4f1fd31b13d3079da6ecfe8d8f310b
0b197efabe8f186b0bf836ad41ff274ec8a554c8,e1cefb3fa18ddec916b2e6cb2cccd5332d7e1bf8
91262f92e9741d1c57b5fc3d77171bf87a8b69c7,178da3349fa4157c0268a3ba7da89cdecdd3e3c2
77c74aeb75a6143014fd07da5b18a89cfbdc4816,54dcae501743648548f855b8a711f4787a89c535
e3cd5811ea13c665bc2f8dbfd5fdcfa9aecfe53b,5ed96617fbbd60a8b47fffcc27b181b70fe60e2d
8c0ba04cc21194b2121a8181f1defab0795338e0,9f758f3e35d712ca04f294046120c663f2d19506
a90b55f14b5368f443acd6221e67f31ae0c5a347,769d34c23fffbdb360b7db90cd2726f85a6c7048
1f41abf7a9084c42507101ee592707128c9e06dd,a18d0e70917d44696b0d9ffc70d50456eb5c0f4f
5f0246c20f76235d968d26a6691e17000542c54f,ed4940d51635172ca77b11694edc112ad65650ee
084a51b842536978630d65b68beb3934d336db0a,0e55796d4a4f6d2a3148b5eba2b91a9d2f1eba46
88ac1faebf8affc5f924ce5c2eae3737b44783b3,5613d327a97ff4fe7d5bb48d80be421d3ecef02c
7eaad135508a0a7eeaa553475b6c038e981a210d,7d665e35c973cae34a4574ec3a73a60fab923d8b
99d2fbec155fcb1e230edc0bde8f57c489edb8c1,1442fd6ff38fb2657eb12b52493c04d70d9a74ac
faf716e86bae36648685c6c040cbfb9e3cb0ffdd,def1c948519ea2a91657e46635cba9ad07943ff4
9135807764f211f72fbe19b032f397332ff3dc4b,d17b1a05d080507adf69e1e20bd38c0a47175089
8d129c7d02e134670bb46f023b7abd4f8eb90278,035e25eb89053b3b48a9aba1e97f97e4fab5d5dc
46c8d4e1b88729a3f37ed9eeb69c743058984fb6,7b01fa3a8f984089509ce362249adbb5a043eca4
2003821ef37b96276bf738dba8a0e4420ef9d647,88f6874107c6e219b6eeef37c53374c9b7017761
6aabea1086309aa285d7f4f61b83827f8ff6d702,dd1dbebb44b02360fd41429702b708eff33ef85a
022852f5f508b792f289a86c82e7865d4f3dd24b,3e0ed14794fe22eda9700b9bd7c8f50b65d4e8b3
1c0e9180c9ef89d7595250022d629616e6d833c8,2b026d1006129ed6111102f35f9480665e65ebea
47b82cddd5ab8f14e4c350ac7491454d00661f30,eab0d21376b85c63e15afaf023bda168ae5f8d64
ef5b3710d5d8310cf7326e56ac8d0fdcc0072bec,23835822f5629773311fe03ca3e437bd2271da27
02ad32af6dee6f290085e9bc82ac4e8e522caf5e,74adf4c6ae5777599f454a8d7393b3529ccab194
